txn_id,user_id,amount,merchant,location,timestamp,flag_amount,txn_count_2min,flag_rapid,fraud_flag
TXN100000,U1,23071.0,Zara,Delhi,2025-10-19 15:11:27,True,1,False,POTENTIAL_FRAUD
TXN100001,U1,16873.94,Myntra,Delhi,2025-10-19 15:11:57,True,2,False,POTENTIAL_FRAUD
TXN100003,U1,23209.9,BigBasket,Delhi,2025-10-19 15:12:57,True,3,True,POTENTIAL_FRAUD
TXN100004,U1,13455.17,Amazon,Delhi,2025-10-19 15:13:27,False,4,True,POTENTIAL_FRAUD
TXN100035,U1,23717.88,Nykaa,Kolkata,2025-10-19 15:28:57,True,1,False,POTENTIAL_FRAUD
TXN100043,U1,607.17,Nykaa,Hyderabad,2025-10-19 15:32:57,False,1,False,LEGIT
TXN100049,U1,4951.44,Amazon,Kolkata,2025-10-19 15:35:57,False,1,False,LEGIT
TXN100054,U1,22853.27,BigBasket,Bangalore,2025-10-19 15:38:27,True,1,False,POTENTIAL_FRAUD
TXN100056,U1,6253.16,BigBasket,Delhi,2025-10-19 15:39:27,False,2,False,LEGIT
TXN100057,U1,9664.36,Amazon,Delhi,2025-10-19 15:39:57,False,3,True,POTENTIAL_FRAUD
TXN100069,U1,6580.0,BigBasket,Mumbai,2025-10-19 15:45:57,False,1,False,LEGIT
TXN100072,U1,20077.94,Myntra,Mumbai,2025-10-19 15:47:27,True,2,False,POTENTIAL_FRAUD
TXN100730,U1,1947.44,Swiggy,Kolkata,2025-10-19 15:47:57,False,3,True,POTENTIAL_FRAUD
TXN100731,U1,7041.85,Amazon,Bangalore,2025-10-19 15:48:17,False,3,True,POTENTIAL_FRAUD
TXN100732,U1,26840.85,Zara,Chennai,2025-10-19 15:48:37,True,4,True,POTENTIAL_FRAUD
TXN100076,U1,2405.75,Uber,Bangalore,2025-10-19 15:49:27,False,5,True,POTENTIAL_FRAUD
TXN100080,U1,943.22,Uber,Mumbai,2025-10-19 15:51:27,False,2,False,LEGIT
TXN100093,U1,26926.44,Flipkart,Chennai,2025-10-19 15:57:57,True,1,False,POTENTIAL_FRAUD
TXN100097,U1,23917.2,Nykaa,Bangalore,2025-10-19 15:59:57,True,2,False,POTENTIAL_FRAUD
TXN100111,U1,21338.17,Uber,Kolkata,2025-10-19 16:06:57,True,1,False,POTENTIAL_FRAUD
TXN100112,U1,24219.04,Uber,Hyderabad,2025-10-19 16:07:27,True,2,False,POTENTIAL_FRAUD
TXN100121,U1,19474.32,Uber,Kolkata,2025-10-19 16:11:57,True,1,False,POTENTIAL_FRAUD
TXN100123,U1,3864.85,Amazon,Bangalore,2025-10-19 16:12:57,False,2,False,LEGIT
TXN100132,U1,15007.62,Amazon,Mumbai,2025-10-19 16:17:27,True,1,False,POTENTIAL_FRAUD
TXN100147,U1,9279.82,Swiggy,Bangalore,2025-10-19 16:24:57,False,1,False,LEGIT
TXN100165,U1,10030.91,Nykaa,Hyderabad,2025-10-19 16:33:57,False,1,False,LEGIT
TXN101820,U1,4455.55,BigBasket,Mumbai,2025-10-19 16:42:27,False,1,False,LEGIT
TXN101821,U1,3097.05,Nykaa,Delhi,2025-10-19 16:42:47,False,2,False,LEGIT
TXN101822,U1,27286.26,Myntra,Mumbai,2025-10-19 16:43:07,True,3,True,POTENTIAL_FRAUD
TXN100186,U1,15506.75,Swiggy,Hyderabad,2025-10-19 16:44:27,True,4,True,POTENTIAL_FRAUD
TXN100190,U1,22738.42,Amazon,Hyderabad,2025-10-19 16:46:27,True,2,False,POTENTIAL_FRAUD
TXN100221,U1,21754.33,Swiggy,Kolkata,2025-10-19 17:01:57,True,1,False,POTENTIAL_FRAUD
TXN100241,U1,18520.84,Swiggy,Chennai,2025-10-19 17:11:57,True,1,False,POTENTIAL_FRAUD
TXN100244,U1,25265.33,Uber,Chennai,2025-10-19 17:13:27,True,2,False,POTENTIAL_FRAUD
TXN100251,U1,4185.57,Nykaa,Bangalore,2025-10-19 17:16:57,False,1,False,LEGIT
TXN100254,U1,15003.24,BigBasket,Delhi,2025-10-19 17:18:27,True,2,False,POTENTIAL_FRAUD
TXN100263,U1,29738.05,Flipkart,Mumbai,2025-10-19 17:22:57,True,1,False,POTENTIAL_FRAUD
TXN100266,U1,8531.77,Amazon,Hyderabad,2025-10-19 17:24:27,False,2,False,LEGIT
TXN100269,U1,7963.7,Myntra,Bangalore,2025-10-19 17:25:57,False,2,False,LEGIT
TXN100273,U1,4041.34,Myntra,Hyderabad,2025-10-19 17:27:57,False,2,False,LEGIT
TXN100275,U1,20193.27,Uber,Kolkata,2025-10-19 17:28:57,True,2,False,POTENTIAL_FRAUD
TXN100289,U1,27796.37,Flipkart,Kolkata,2025-10-19 17:35:57,True,1,False,POTENTIAL_FRAUD
TXN100297,U1,24774.14,BigBasket,Hyderabad,2025-10-19 17:39:57,True,1,False,POTENTIAL_FRAUD
TXN100305,U1,5542.73,Myntra,Delhi,2025-10-19 17:43:57,False,1,False,LEGIT
TXN100306,U1,9239.12,BigBasket,Bangalore,2025-10-19 17:44:27,False,2,False,LEGIT
TXN103250,U1,28538.43,Uber,Mumbai,2025-10-19 17:53:57,True,1,False,POTENTIAL_FRAUD
TXN103251,U1,20158.35,BigBasket,Hyderabad,2025-10-19 17:54:17,True,2,False,POTENTIAL_FRAUD
TXN103252,U1,17759.31,Swiggy,Chennai,2025-10-19 17:54:37,True,3,True,POTENTIAL_FRAUD
TXN100329,U1,15237.58,Zara,Bangalore,2025-10-19 17:55:57,True,4,True,POTENTIAL_FRAUD
TXN100333,U1,29117.97,Nykaa,Delhi,2025-10-19 17:57:57,True,2,False,POTENTIAL_FRAUD
TXN103610,U1,20717.17,Zara,Mumbai,2025-10-19 18:11:57,True,1,False,POTENTIAL_FRAUD
TXN103611,U1,6080.49,Flipkart,Mumbai,2025-10-19 18:12:17,False,2,False,LEGIT
TXN103612,U1,18252.22,Amazon,Hyderabad,2025-10-19 18:12:37,True,3,True,POTENTIAL_FRAUD
TXN100374,U1,11173.81,Zara,Kolkata,2025-10-19 18:18:27,False,1,False,LEGIT
TXN100388,U1,387.95,Swiggy,Bangalore,2025-10-19 18:25:27,False,1,False,LEGIT
TXN100394,U1,18696.84,Uber,Hyderabad,2025-10-19 18:28:27,True,1,False,POTENTIAL_FRAUD
TXN100398,U1,23789.62,Zara,Mumbai,2025-10-19 18:30:27,True,2,False,POTENTIAL_FRAUD
TXN100406,U1,13912.57,Swiggy,Chennai,2025-10-19 18:34:27,False,1,False,LEGIT
TXN100411,U1,14387.01,Flipkart,Bangalore,2025-10-19 18:36:57,False,1,False,LEGIT
TXN100422,U1,28146.42,Flipkart,Chennai,2025-10-19 18:42:27,True,1,False,POTENTIAL_FRAUD
TXN100423,U1,21645.61,Flipkart,Mumbai,2025-10-19 18:42:57,True,2,False,POTENTIAL_FRAUD
TXN104300,U1,2287.75,Myntra,Hyderabad,2025-10-19 18:46:27,False,1,False,LEGIT
TXN104301,U1,14940.37,Uber,Hyderabad,2025-10-19 18:46:47,False,2,False,LEGIT
TXN100431,U1,5745.84,Uber,Chennai,2025-10-19 18:46:57,False,3,True,POTENTIAL_FRAUD
TXN104302,U1,23460.82,Uber,Chennai,2025-10-19 18:47:07,True,4,True,POTENTIAL_FRAUD
TXN100433,U1,15082.47,Swiggy,Chennai,2025-10-19 18:47:57,True,5,True,POTENTIAL_FRAUD
TXN100439,U1,29281.62,Nykaa,Mumbai,2025-10-19 18:50:57,True,1,False,POTENTIAL_FRAUD
TXN100472,U1,26369.16,Flipkart,Chennai,2025-10-19 19:07:27,True,1,False,POTENTIAL_FRAUD
TXN100477,U1,4958.62,BigBasket,Delhi,2025-10-19 19:09:57,False,1,False,LEGIT
TXN100482,U1,20425.11,Flipkart,Hyderabad,2025-10-19 19:12:27,True,1,False,POTENTIAL_FRAUD
TXN100489,U1,14980.41,Uber,Kolkata,2025-10-19 19:15:57,False,1,False,LEGIT
TXN100498,U1,9496.55,Swiggy,Mumbai,2025-10-19 19:20:27,False,1,False,LEGIT
TXN100516,U1,27302.01,Flipkart,Kolkata,2025-10-19 19:29:27,True,1,False,POTENTIAL_FRAUD
TXN105170,U1,17692.61,Uber,Mumbai,2025-10-19 19:29:57,True,2,False,POTENTIAL_FRAUD
TXN105171,U1,29883.57,Myntra,Bangalore,2025-10-19 19:30:17,True,3,True,POTENTIAL_FRAUD
TXN105172,U1,17389.1,Amazon,Bangalore,2025-10-19 19:30:37,True,4,True,POTENTIAL_FRAUD
TXN100519,U1,21478.06,Zara,Mumbai,2025-10-19 19:30:57,True,5,True,POTENTIAL_FRAUD
TXN100529,U1,2173.98,Swiggy,Delhi,2025-10-19 19:35:57,False,1,False,LEGIT
TXN100532,U1,16992.98,Zara,Mumbai,2025-10-19 19:37:27,True,2,False,POTENTIAL_FRAUD
TXN100534,U1,19236.83,Uber,Chennai,2025-10-19 19:38:27,True,2,False,POTENTIAL_FRAUD
TXN100536,U1,6041.46,Uber,Kolkata,2025-10-19 19:39:27,False,3,True,POTENTIAL_FRAUD
TXN100537,U1,14821.94,Amazon,Mumbai,2025-10-19 19:39:57,False,3,True,POTENTIAL_FRAUD
TXN100538,U1,18926.0,Flipkart,Chennai,2025-10-19 19:40:27,True,4,True,POTENTIAL_FRAUD
TXN100539,U1,14771.76,Zara,Hyderabad,2025-10-19 19:40:57,False,4,True,POTENTIAL_FRAUD
TXN100545,U1,11311.23,Nykaa,Hyderabad,2025-10-19 19:43:57,False,1,False,LEGIT
TXN100550,U1,8363.78,Nykaa,Chennai,2025-10-19 19:46:27,False,1,False,LEGIT
TXN100592,U1,27681.87,Flipkart,Delhi,2025-10-19 20:07:27,True,1,False,POTENTIAL_FRAUD
TXN100595,U1,11647.24,Myntra,Bangalore,2025-10-19 20:08:57,False,2,False,LEGIT
TXN100599,U1,16706.17,BigBasket,Mumbai,2025-10-19 20:10:57,True,2,False,POTENTIAL_FRAUD
TXN100013,U2,10911.83,Myntra,Mumbai,2025-10-19 15:17:57,False,1,False,LEGIT
TXN100020,U2,20374.77,Myntra,Hyderabad,2025-10-19 15:21:27,True,1,False,POTENTIAL_FRAUD
TXN100028,U2,11076.33,Myntra,Delhi,2025-10-19 15:25:27,False,1,False,LEGIT
TXN100036,U2,10825.76,Nykaa,Kolkata,2025-10-19 15:29:27,False,1,False,LEGIT
TXN100052,U2,18389.71,Zara,Mumbai,2025-10-19 15:37:27,True,1,False,POTENTIAL_FRAUD
TXN100053,U2,11777.57,Nykaa,Delhi,2025-10-19 15:37:57,False,2,False,LEGIT
TXN100064,U2,25865.9,Amazon,Chennai,2025-10-19 15:43:27,True,1,False,POTENTIAL_FRAUD
TXN100066,U2,9752.68,Flipkart,Hyderabad,2025-10-19 15:44:27,False,2,False,LEGIT
TXN100078,U2,21671.71,BigBasket,Chennai,2025-10-19 15:50:27,True,1,False,POTENTIAL_FRAUD
TXN100082,U2,2217.03,Amazon,Kolkata,2025-10-19 15:52:27,False,2,False,LEGIT
TXN100084,U2,3637.39,Myntra,Kolkata,2025-10-19 15:53:27,False,2,False,LEGIT
TXN100086,U2,13233.9,BigBasket,Kolkata,2025-10-19 15:54:27,False,3,True,POTENTIAL_FRAUD
TXN100089,U2,8007.79,Uber,Chennai,2025-10-19 15:55:57,False,2,False,LEGIT
TXN100099,U2,6487.61,Uber,Hyderabad,2025-10-19 16:00:57,False,1,False,LEGIT
TXN100107,U2,11517.0,Uber,Bangalore,2025-10-19 16:04:57,False,1,False,LEGIT
TXN100108,U2,14648.45,Swiggy,Hyderabad,2025-10-19 16:05:27,False,2,False,LEGIT
TXN100116,U2,25461.2,Nykaa,Chennai,2025-10-19 16:09:27,True,1,False,POTENTIAL_FRAUD
TXN100130,U2,28401.29,BigBasket,Chennai,2025-10-19 16:16:27,True,1,False,POTENTIAL_FRAUD
TXN100143,U2,16435.91,Myntra,Chennai,2025-10-19 16:22:57,True,1,False,POTENTIAL_FRAUD
TXN100164,U2,9310.66,Nykaa,Hyderabad,2025-10-19 16:33:27,False,1,False,LEGIT
TXN100192,U2,5885.4,Zara,Hyderabad,2025-10-19 16:47:27,False,1,False,LEGIT
TXN100209,U2,14315.66,Uber,Hyderabad,2025-10-19 16:55:57,False,1,False,LEGIT
TXN100217,U2,21257.25,Flipkart,Hyderabad,2025-10-19 16:59:57,True,1,False,POTENTIAL_FRAUD
TXN100220,U2,14213.94,Swiggy,Bangalore,2025-10-19 17:01:27,False,2,False,LEGIT
TXN100224,U2,15046.47,Zara,Chennai,2025-10-19 17:03:27,True,2,False,POTENTIAL_FRAUD
TXN100228,U2,26261.53,Swiggy,Chennai,2025-10-19 17:05:27,True,2,False,POTENTIAL_FRAUD
TXN100231,U2,3830.61,Nykaa,Chennai,2025-10-19 17:06:57,False,2,False,LEGIT
TXN100238,U2,26169.75,Uber,Bangalore,2025-10-19 17:10:27,True,1,False,POTENTIAL_FRAUD
TXN100245,U2,13797.03,Uber,Delhi,2025-10-19 17:13:57,False,1,False,LEGIT
TXN100247,U2,28389.56,Myntra,Mumbai,2025-10-19 17:14:57,True,2,False,POTENTIAL_FRAUD
TXN102590,U2,16783.64,BigBasket,Hyderabad,2025-10-19 17:20:57,True,1,False,POTENTIAL_FRAUD
TXN102591,U2,2465.32,Myntra,Hyderabad,2025-10-19 17:21:17,False,2,False,LEGIT
TXN102592,U2,11765.39,Myntra,Bangalore,2025-10-19 17:21:37,False,3,True,POTENTIAL_FRAUD
TXN100262,U2,27037.4,Amazon,Hyderabad,2025-10-19 17:22:27,True,4,True,POTENTIAL_FRAUD
TXN100267,U2,10729.95,Flipkart,Kolkata,2025-10-19 17:24:57,False,1,False,LEGIT
TXN100268,U2,1311.51,Nykaa,Bangalore,2025-10-19 17:25:27,False,2,False,LEGIT
TXN100280,U2,16639.17,Zara,Chennai,2025-10-19 17:31:27,True,1,False,POTENTIAL_FRAUD
TXN100281,U2,3543.15,Uber,Chennai,2025-10-19 17:31:57,False,2,False,LEGIT
TXN100283,U2,19929.58,Swiggy,Kolkata,2025-10-19 17:32:57,True,3,True,POTENTIAL_FRAUD
TXN100284,U2,28930.53,BigBasket,Delhi,2025-10-19 17:33:27,True,4,True,POTENTIAL_FRAUD
TXN100290,U2,29758.88,Flipkart,Delhi,2025-10-19 17:36:27,True,1,False,POTENTIAL_FRAUD
TXN100291,U2,20337.55,Nykaa,Bangalore,2025-10-19 17:36:57,True,2,False,POTENTIAL_FRAUD
TXN100298,U2,8159.51,Myntra,Kolkata,2025-10-19 17:40:27,False,1,False,LEGIT
TXN100308,U2,4574.52,Flipkart,Kolkata,2025-10-19 17:45:27,False,1,False,LEGIT
TXN100312,U2,13923.65,Amazon,Mumbai,2025-10-19 17:47:27,False,2,False,LEGIT
TXN100341,U2,29277.84,Uber,Bangalore,2025-10-19 18:01:57,True,1,False,POTENTIAL_FRAUD
TXN100352,U2,4344.38,Amazon,Bangalore,2025-10-19 18:07:27,False,1,False,LEGIT
TXN100360,U2,2125.98,Zara,Delhi,2025-10-19 18:11:27,False,1,False,LEGIT
TXN100363,U2,27751.1,Nykaa,Mumbai,2025-10-19 18:12:57,True,2,False,POTENTIAL_FRAUD
TXN100364,U2,26991.42,Amazon,Hyderabad,2025-10-19 18:13:27,True,3,True,POTENTIAL_FRAUD
TXN100369,U2,18340.18,Zara,Delhi,2025-10-19 18:15:57,True,1,False,POTENTIAL_FRAUD
TXN100376,U2,26146.26,Uber,Bangalore,2025-10-19 18:19:27,True,1,False,POTENTIAL_FRAUD
TXN100380,U2,25799.1,Swiggy,Delhi,2025-10-19 18:21:27,True,2,False,POTENTIAL_FRAUD
TXN100386,U2,14492.64,Myntra,Mumbai,2025-10-19 18:24:27,False,1,False,LEGIT
TXN100399,U2,10653.32,Uber,Mumbai,2025-10-19 18:30:57,False,1,False,LEGIT
TXN100402,U2,14683.99,Amazon,Mumbai,2025-10-19 18:32:27,False,2,False,LEGIT
TXN104070,U2,18977.14,Zara,Bangalore,2025-10-19 18:34:57,True,1,False,POTENTIAL_FRAUD
TXN104071,U2,9999.53,Swiggy,Mumbai,2025-10-19 18:35:17,False,2,False,LEGIT
TXN104072,U2,16797.1,Uber,Mumbai,2025-10-19 18:35:37,True,3,True,POTENTIAL_FRAUD
TXN100410,U2,28226.82,Zara,Delhi,2025-10-19 18:36:27,True,4,True,POTENTIAL_FRAUD
TXN104140,U2,20899.16,BigBasket,Delhi,2025-10-19 18:38:27,True,2,False,POTENTIAL_FRAUD
TXN104141,U2,23974.89,Amazon,Kolkata,2025-10-19 18:38:47,True,2,False,POTENTIAL_FRAUD
TXN104142,U2,23777.32,Amazon,Chennai,2025-10-19 18:39:07,True,3,True,POTENTIAL_FRAUD
TXN100417,U2,10100.56,Flipkart,Mumbai,2025-10-19 18:39:57,False,4,True,POTENTIAL_FRAUD
TXN100419,U2,20108.4,Zara,Chennai,2025-10-19 18:40:57,True,3,True,POTENTIAL_FRAUD
TXN100427,U2,4551.84,Flipkart,Delhi,2025-10-19 18:44:57,False,1,False,LEGIT
TXN100440,U2,12046.61,Uber,Hyderabad,2025-10-19 18:51:27,False,1,False,LEGIT
TXN100452,U2,16287.04,BigBasket,Chennai,2025-10-19 18:57:27,True,1,False,POTENTIAL_FRAUD
TXN104570,U2,29131.04,Myntra,Delhi,2025-10-19 18:59:57,True,1,False,POTENTIAL_FRAUD
TXN104571,U2,9213.55,Swiggy,Mumbai,2025-10-19 19:00:17,False,2,False,LEGIT
TXN104572,U2,28344.93,Flipkart,Delhi,2025-10-19 19:00:37,True,3,True,POTENTIAL_FRAUD
TXN100460,U2,655.67,Swiggy,Delhi,2025-10-19 19:01:27,False,4,True,POTENTIAL_FRAUD
TXN100466,U2,636.8,Myntra,Kolkata,2025-10-19 19:04:27,False,1,False,LEGIT
TXN100488,U2,17303.39,Zara,Chennai,2025-10-19 19:15:27,True,1,False,POTENTIAL_FRAUD
TXN100496,U2,20209.34,Uber,Mumbai,2025-10-19 19:19:27,True,1,False,POTENTIAL_FRAUD
TXN100497,U2,8105.74,Uber,Mumbai,2025-10-19 19:19:57,False,2,False,LEGIT
TXN100500,U2,5295.8,Flipkart,Hyderabad,2025-10-19 19:21:27,False,3,True,POTENTIAL_FRAUD
TXN100510,U2,6787.84,Flipkart,Delhi,2025-10-19 19:26:27,False,1,False,LEGIT
TXN100512,U2,12801.3,Uber,Kolkata,2025-10-19 19:27:27,False,2,False,LEGIT
TXN100513,U2,2962.14,Flipkart,Chennai,2025-10-19 19:27:57,False,3,True,POTENTIAL_FRAUD
TXN100525,U2,22545.94,Myntra,Kolkata,2025-10-19 19:33:57,True,1,False,POTENTIAL_FRAUD
TXN100531,U2,25320.76,Flipkart,Bangalore,2025-10-19 19:36:57,True,1,False,POTENTIAL_FRAUD
TXN100540,U2,3138.24,Zara,Hyderabad,2025-10-19 19:41:27,False,1,False,LEGIT
TXN100546,U2,14901.58,Uber,Mumbai,2025-10-19 19:44:27,False,1,False,LEGIT
TXN100559,U2,7891.28,Zara,Hyderabad,2025-10-19 19:50:57,False,1,False,LEGIT
TXN100561,U2,17827.01,Uber,Chennai,2025-10-19 19:51:57,True,2,False,POTENTIAL_FRAUD
TXN105640,U2,235.51,Myntra,Mumbai,2025-10-19 19:53:27,False,2,False,LEGIT
TXN105641,U2,14792.66,Nykaa,Bangalore,2025-10-19 19:53:47,False,3,True,POTENTIAL_FRAUD
TXN105642,U2,18519.9,Amazon,Delhi,2025-10-19 19:54:07,True,3,True,POTENTIAL_FRAUD
TXN100567,U2,9123.88,Nykaa,Mumbai,2025-10-19 19:54:57,False,4,True,POTENTIAL_FRAUD
TXN100570,U2,14255.68,Myntra,Delhi,2025-10-19 19:56:27,False,2,False,LEGIT
TXN100584,U2,3929.85,BigBasket,Kolkata,2025-10-19 20:03:27,False,1,False,LEGIT
TXN100593,U2,27888.92,Uber,Hyderabad,2025-10-19 20:07:57,True,1,False,POTENTIAL_FRAUD
TXN100002,U3,16833.25,Swiggy,Mumbai,2025-10-19 15:12:27,True,1,False,POTENTIAL_FRAUD
TXN100005,U3,27199.17,Zara,Chennai,2025-10-19 15:13:57,True,2,False,POTENTIAL_FRAUD
TXN100010,U3,2487.47,Nykaa,Hyderabad,2025-10-19 15:16:27,False,1,False,LEGIT
TXN100024,U3,11593.52,Amazon,Hyderabad,2025-10-19 15:23:27,False,1,False,LEGIT
TXN100025,U3,628.16,Nykaa,Hyderabad,2025-10-19 15:23:57,False,2,False,LEGIT
TXN100032,U3,14523.93,BigBasket,Delhi,2025-10-19 15:27:27,False,1,False,LEGIT
TXN100044,U3,1292.37,Uber,Kolkata,2025-10-19 15:33:27,False,1,False,LEGIT
TXN100048,U3,10735.19,Amazon,Bangalore,2025-10-19 15:35:27,False,2,False,LEGIT
TXN100050,U3,27807.55,Swiggy,Kolkata,2025-10-19 15:36:27,True,2,False,POTENTIAL_FRAUD
TXN100068,U3,169.41,Flipkart,Kolkata,2025-10-19 15:45:27,False,1,False,LEGIT
TXN100087,U3,3977.8,Amazon,Chennai,2025-10-19 15:54:57,False,1,False,LEGIT
TXN100091,U3,26407.89,Swiggy,Chennai,2025-10-19 15:56:57,True,2,False,POTENTIAL_FRAUD
TXN100102,U3,17908.51,Flipkart,Chennai,2025-10-19 16:02:27,True,1,False,POTENTIAL_FRAUD
TXN101060,U3,1581.1,Flipkart,Chennai,2025-10-19 16:04:27,False,2,False,LEGIT
TXN101061,U3,24068.77,BigBasket,Hyderabad,2025-10-19 16:04:47,True,2,False,POTENTIAL_FRAUD
TXN101062,U3,5324.3,Flipkart,Hyderabad,2025-10-19 16:05:07,False,3,True,POTENTIAL_FRAUD
TXN100114,U3,14582.25,Amazon,Chennai,2025-10-19 16:08:27,False,1,False,LEGIT
TXN100115,U3,29614.64,Nykaa,Mumbai,2025-10-19 16:08:57,True,2,False,POTENTIAL_FRAUD
TXN100140,U3,1730.28,BigBasket,Bangalore,2025-10-19 16:21:27,False,1,False,LEGIT
TXN100142,U3,7130.95,BigBasket,Hyderabad,2025-10-19 16:22:27,False,2,False,LEGIT
TXN100144,U3,10335.29,Uber,Mumbai,2025-10-19 16:23:27,False,3,True,POTENTIAL_FRAUD
TXN100150,U3,16692.29,Amazon,Bangalore,2025-10-19 16:26:27,True,1,False,POTENTIAL_FRAUD
TXN100156,U3,17630.47,Swiggy,Mumbai,2025-10-19 16:29:27,True,1,False,POTENTIAL_FRAUD
TXN100157,U3,26885.81,Flipkart,Delhi,2025-10-19 16:29:57,True,2,False,POTENTIAL_FRAUD
TXN100170,U3,19462.74,Myntra,Mumbai,2025-10-19 16:36:27,True,1,False,POTENTIAL_FRAUD
TXN100177,U3,5478.4,Uber,Hyderabad,2025-10-19 16:39:57,False,1,False,LEGIT
TXN100178,U3,3767.65,Zara,Chennai,2025-10-19 16:40:27,False,2,False,LEGIT
TXN100202,U3,25887.02,Myntra,Kolkata,2025-10-19 16:52:27,True,1,False,POTENTIAL_FRAUD
TXN100210,U3,14938.83,Nykaa,Bangalore,2025-10-19 16:56:27,False,1,False,LEGIT
TXN100222,U3,20958.69,Uber,Bangalore,2025-10-19 17:02:27,True,1,False,POTENTIAL_FRAUD
TXN100232,U3,29545.94,Flipkart,Kolkata,2025-10-19 17:07:27,True,1,False,POTENTIAL_FRAUD
TXN100233,U3,2563.35,Zara,Kolkata,2025-10-19 17:07:57,False,2,False,LEGIT
TXN100234,U3,20600.79,Zara,Delhi,2025-10-19 17:08:27,True,3,True,POTENTIAL_FRAUD
TXN100246,U3,5350.41,Amazon,Delhi,2025-10-19 17:14:27,False,1,False,LEGIT
TXN100250,U3,27104.6,Uber,Chennai,2025-10-19 17:16:27,True,2,False,POTENTIAL_FRAUD
TXN100261,U3,23291.09,Flipkart,Chennai,2025-10-19 17:21:57,True,1,False,POTENTIAL_FRAUD
TXN100265,U3,5068.87,Nykaa,Bangalore,2025-10-19 17:23:57,False,2,False,LEGIT
TXN100287,U3,7376.92,Amazon,Bangalore,2025-10-19 17:34:57,False,1,False,LEGIT
TXN102930,U3,11685.44,Swiggy,Mumbai,2025-10-19 17:37:57,False,1,False,LEGIT
TXN102931,U3,15526.31,Flipkart,Kolkata,2025-10-19 17:38:17,True,2,False,POTENTIAL_FRAUD
TXN102932,U3,18031.11,BigBasket,Chennai,2025-10-19 17:38:37,True,3,True,POTENTIAL_FRAUD
TXN100300,U3,22156.59,BigBasket,Hyderabad,2025-10-19 17:41:27,True,1,False,POTENTIAL_FRAUD
TXN100307,U3,26823.53,Uber,Hyderabad,2025-10-19 17:44:57,True,1,False,POTENTIAL_FRAUD
TXN100311,U3,11267.4,Amazon,Delhi,2025-10-19 17:46:57,False,2,False,LEGIT
TXN100313,U3,27915.07,Flipkart,Kolkata,2025-10-19 17:47:57,True,2,False,POTENTIAL_FRAUD
TXN100318,U3,11315.12,Uber,Mumbai,2025-10-19 17:50:27,False,1,False,LEGIT
TXN100323,U3,2031.9,Uber,Mumbai,2025-10-19 17:52:57,False,1,False,LEGIT
TXN100326,U3,26828.42,Nykaa,Hyderabad,2025-10-19 17:54:27,True,2,False,POTENTIAL_FRAUD
TXN100338,U3,894.36,Uber,Hyderabad,2025-10-19 18:00:27,False,1,False,LEGIT
TXN100345,U3,29910.42,Nykaa,Delhi,2025-10-19 18:03:57,True,1,False,POTENTIAL_FRAUD
TXN100350,U3,15076.33,Zara,Kolkata,2025-10-19 18:06:27,True,1,False,POTENTIAL_FRAUD
TXN100358,U3,19251.59,Nykaa,Bangalore,2025-10-19 18:10:27,True,1,False,POTENTIAL_FRAUD
TXN100370,U3,1263.17,BigBasket,Hyderabad,2025-10-19 18:16:27,False,1,False,LEGIT
TXN100373,U3,7775.45,Myntra,Kolkata,2025-10-19 18:17:57,False,2,False,LEGIT
TXN100381,U3,6905.6,BigBasket,Delhi,2025-10-19 18:21:57,False,1,False,LEGIT
TXN100396,U3,10867.22,Myntra,Hyderabad,2025-10-19 18:29:27,False,1,False,LEGIT
TXN100415,U3,7342.34,Uber,Delhi,2025-10-19 18:38:57,False,1,False,LEGIT
TXN100416,U3,12311.58,Zara,Kolkata,2025-10-19 18:39:27,False,2,False,LEGIT
TXN100421,U3,14430.64,Flipkart,Chennai,2025-10-19 18:41:57,False,1,False,LEGIT
TXN100424,U3,17727.73,Nykaa,Mumbai,2025-10-19 18:43:27,True,2,False,POTENTIAL_FRAUD
TXN100437,U3,4386.08,Myntra,Delhi,2025-10-19 18:49:57,False,1,False,LEGIT
TXN100443,U3,23453.78,Flipkart,Delhi,2025-10-19 18:52:57,True,1,False,POTENTIAL_FRAUD
TXN100450,U3,9128.42,BigBasket,Hyderabad,2025-10-19 18:56:27,False,1,False,LEGIT
TXN100464,U3,15416.79,Myntra,Mumbai,2025-10-19 19:03:27,True,1,False,POTENTIAL_FRAUD
TXN100486,U3,1145.24,Swiggy,Hyderabad,2025-10-19 19:14:27,False,1,False,LEGIT
TXN100524,U3,10192.4,BigBasket,Hyderabad,2025-10-19 19:33:27,False,1,False,LEGIT
TXN100527,U3,22479.86,Myntra,Bangalore,2025-10-19 19:34:57,True,2,False,POTENTIAL_FRAUD
TXN100552,U3,5150.92,Swiggy,Mumbai,2025-10-19 19:47:27,False,1,False,LEGIT
TXN100555,U3,17076.07,Uber,Kolkata,2025-10-19 19:48:57,True,2,False,POTENTIAL_FRAUD
TXN100557,U3,12766.05,Zara,Hyderabad,2025-10-19 19:49:57,False,2,False,LEGIT
TXN100560,U3,20567.95,Uber,Kolkata,2025-10-19 19:51:27,True,2,False,POTENTIAL_FRAUD
TXN100562,U3,29744.97,Myntra,Bangalore,2025-10-19 19:52:27,True,2,False,POTENTIAL_FRAUD
TXN100568,U3,3016.68,Zara,Kolkata,2025-10-19 19:55:27,False,1,False,LEGIT
TXN100574,U3,4301.77,Uber,Bangalore,2025-10-19 19:58:27,False,1,False,LEGIT
TXN100585,U3,3208.56,BigBasket,Chennai,2025-10-19 20:03:57,False,1,False,LEGIT
TXN100589,U3,27426.39,Swiggy,Hyderabad,2025-10-19 20:05:57,True,2,False,POTENTIAL_FRAUD
TXN100597,U3,11035.15,Flipkart,Chennai,2025-10-19 20:09:57,False,1,False,LEGIT
TXN100021,U4,24744.46,Amazon,Bangalore,2025-10-19 15:21:57,True,1,False,POTENTIAL_FRAUD
TXN100038,U4,5428.47,Amazon,Chennai,2025-10-19 15:30:27,False,1,False,LEGIT
TXN100058,U4,26375.14,BigBasket,Hyderabad,2025-10-19 15:40:27,True,1,False,POTENTIAL_FRAUD
TXN100062,U4,29510.29,Nykaa,Delhi,2025-10-19 15:42:27,True,2,False,POTENTIAL_FRAUD
TXN100067,U4,5402.1,Uber,Chennai,2025-10-19 15:44:57,False,1,False,LEGIT
TXN100071,U4,10250.31,Uber,Delhi,2025-10-19 15:46:57,False,2,False,LEGIT
TXN100088,U4,138.14,BigBasket,Mumbai,2025-10-19 15:55:27,False,1,False,LEGIT
TXN100092,U4,12687.44,Uber,Mumbai,2025-10-19 15:57:27,False,2,False,LEGIT
TXN100094,U4,21553.04,BigBasket,Hyderabad,2025-10-19 15:58:27,True,2,False,POTENTIAL_FRAUD
TXN100103,U4,24832.06,Nykaa,Delhi,2025-10-19 16:02:57,True,1,False,POTENTIAL_FRAUD
TXN100125,U4,6874.26,BigBasket,Hyderabad,2025-10-19 16:13:57,False,1,False,LEGIT
TXN100127,U4,20775.56,Myntra,Mumbai,2025-10-19 16:14:57,True,2,False,POTENTIAL_FRAUD
TXN100128,U4,1971.32,Nykaa,Hyderabad,2025-10-19 16:15:27,False,3,True,POTENTIAL_FRAUD
TXN100146,U4,5893.59,Swiggy,Bangalore,2025-10-19 16:24:27,False,1,False,LEGIT
TXN100151,U4,12439.36,Uber,Mumbai,2025-10-19 16:26:57,False,1,False,LEGIT
TXN100155,U4,20164.02,Nykaa,Bangalore,2025-10-19 16:28:57,True,2,False,POTENTIAL_FRAUD
TXN100162,U4,275.45,Flipkart,Chennai,2025-10-19 16:32:27,False,1,False,LEGIT
TXN100174,U4,6894.81,Myntra,Chennai,2025-10-19 16:38:27,False,1,False,LEGIT
TXN100183,U4,20661.35,Flipkart,Delhi,2025-10-19 16:42:57,True,1,False,POTENTIAL_FRAUD
TXN100189,U4,3199.62,Nykaa,Delhi,2025-10-19 16:45:57,False,1,False,LEGIT
TXN100199,U4,18432.99,Zara,Mumbai,2025-10-19 16:50:57,True,1,False,POTENTIAL_FRAUD
TXN100201,U4,1924.79,Swiggy,Hyderabad,2025-10-19 16:51:57,False,2,False,LEGIT
TXN100203,U4,11925.32,Flipkart,Bangalore,2025-10-19 16:52:57,False,3,True,POTENTIAL_FRAUD
TXN100208,U4,7396.57,Amazon,Delhi,2025-10-19 16:55:27,False,1,False,LEGIT
TXN100211,U4,3276.53,Flipkart,Hyderabad,2025-10-19 16:56:57,False,2,False,LEGIT
TXN100214,U4,2563.09,Zara,Bangalore,2025-10-19 16:58:27,False,2,False,LEGIT
TXN100219,U4,14570.08,Flipkart,Delhi,2025-10-19 17:00:57,False,1,False,LEGIT
TXN100235,U4,26223.7,Amazon,Bangalore,2025-10-19 17:08:57,True,1,False,POTENTIAL_FRAUD
TXN100237,U4,20106.94,Swiggy,Chennai,2025-10-19 17:09:57,True,2,False,POTENTIAL_FRAUD
TXN100243,U4,26514.69,Swiggy,Delhi,2025-10-19 17:12:57,True,1,False,POTENTIAL_FRAUD
TXN100257,U4,24881.38,Swiggy,Mumbai,2025-10-19 17:19:57,True,1,False,POTENTIAL_FRAUD
TXN100286,U4,5394.94,Amazon,Bangalore,2025-10-19 17:34:27,False,1,False,LEGIT
TXN100288,U4,11440.72,Uber,Kolkata,2025-10-19 17:35:27,False,2,False,LEGIT
TXN100296,U4,10573.52,Myntra,Delhi,2025-10-19 17:39:27,False,1,False,LEGIT
TXN100304,U4,10246.72,BigBasket,Hyderabad,2025-10-19 17:43:27,False,1,False,LEGIT
TXN100324,U4,4818.19,Swiggy,Bangalore,2025-10-19 17:53:27,False,1,False,LEGIT
TXN100348,U4,27733.8,Myntra,Delhi,2025-10-19 18:05:27,True,1,False,POTENTIAL_FRAUD
TXN100362,U4,18986.83,Nykaa,Kolkata,2025-10-19 18:12:27,True,1,False,POTENTIAL_FRAUD
TXN100366,U4,8812.29,Flipkart,Delhi,2025-10-19 18:14:27,False,2,False,LEGIT
TXN100367,U4,10054.41,BigBasket,Chennai,2025-10-19 18:14:57,False,2,False,LEGIT
TXN100377,U4,10226.83,Swiggy,Chennai,2025-10-19 18:19:57,False,1,False,LEGIT
TXN100387,U4,6844.95,Nykaa,Bangalore,2025-10-19 18:24:57,False,1,False,LEGIT
TXN100391,U4,24097.72,Uber,Mumbai,2025-10-19 18:26:57,True,2,False,POTENTIAL_FRAUD
TXN100409,U4,9859.5,Swiggy,Bangalore,2025-10-19 18:35:57,False,1,False,LEGIT
TXN100413,U4,12645.53,Swiggy,Bangalore,2025-10-19 18:37:57,False,2,False,LEGIT
TXN100420,U4,689.67,Nykaa,Mumbai,2025-10-19 18:41:27,False,1,False,LEGIT
TXN100429,U4,5817.38,BigBasket,Hyderabad,2025-10-19 18:45:57,False,1,False,LEGIT
TXN100435,U4,19143.74,Zara,Kolkata,2025-10-19 18:48:57,True,1,False,POTENTIAL_FRAUD
TXN100446,U4,5877.13,Amazon,Delhi,2025-10-19 18:54:27,False,1,False,LEGIT
TXN100459,U4,15189.71,Uber,Bangalore,2025-10-19 19:00:57,True,1,False,POTENTIAL_FRAUD
TXN100465,U4,1131.54,Zara,Hyderabad,2025-10-19 19:03:57,False,1,False,LEGIT
TXN100474,U4,9029.92,Uber,Chennai,2025-10-19 19:08:27,False,1,False,LEGIT
TXN100476,U4,420.86,Flipkart,Chennai,2025-10-19 19:09:27,False,2,False,LEGIT
TXN100483,U4,26232.21,Myntra,Kolkata,2025-10-19 19:12:57,True,1,False,POTENTIAL_FRAUD
TXN100484,U4,7824.15,Flipkart,Chennai,2025-10-19 19:13:27,False,2,False,LEGIT
TXN100485,U4,29880.64,Flipkart,Chennai,2025-10-19 19:13:57,True,3,True,POTENTIAL_FRAUD
TXN100487,U4,24296.03,Nykaa,Hyderabad,2025-10-19 19:14:57,True,4,True,POTENTIAL_FRAUD
TXN100499,U4,8769.58,Swiggy,Delhi,2025-10-19 19:20:57,False,1,False,LEGIT
TXN100504,U4,9310.68,Uber,Chennai,2025-10-19 19:23:27,False,1,False,LEGIT
TXN100505,U4,13461.42,Uber,Kolkata,2025-10-19 19:23:57,False,2,False,LEGIT
TXN100526,U4,21744.74,BigBasket,Hyderabad,2025-10-19 19:34:27,True,1,False,POTENTIAL_FRAUD
TXN100535,U4,5032.64,Flipkart,Kolkata,2025-10-19 19:38:57,False,1,False,LEGIT
TXN100541,U4,16552.27,Swiggy,Mumbai,2025-10-19 19:41:57,True,1,False,POTENTIAL_FRAUD
TXN100544,U4,405.3,Nykaa,Hyderabad,2025-10-19 19:43:27,False,2,False,LEGIT
TXN100553,U4,6482.39,Zara,Delhi,2025-10-19 19:47:57,False,1,False,LEGIT
TXN100577,U4,6537.24,Nykaa,Hyderabad,2025-10-19 19:59:57,False,1,False,LEGIT
TXN100581,U4,9782.5,Amazon,Chennai,2025-10-19 20:01:57,False,2,False,LEGIT
TXN100586,U4,23646.91,Zara,Bangalore,2025-10-19 20:04:27,True,1,False,POTENTIAL_FRAUD
TXN100591,U4,7677.58,Uber,Mumbai,2025-10-19 20:06:57,False,1,False,LEGIT
TXN100011,U5,10114.12,BigBasket,Delhi,2025-10-19 15:16:57,False,1,False,LEGIT
TXN100015,U5,28922.13,Swiggy,Bangalore,2025-10-19 15:18:57,True,2,False,POTENTIAL_FRAUD
TXN100029,U5,7304.75,Myntra,Kolkata,2025-10-19 15:25:57,False,1,False,LEGIT
TXN100033,U5,24848.49,Nykaa,Kolkata,2025-10-19 15:27:57,True,2,False,POTENTIAL_FRAUD
TXN100046,U5,27028.45,Amazon,Kolkata,2025-10-19 15:34:27,True,1,False,POTENTIAL_FRAUD
TXN100059,U5,9132.5,Zara,Hyderabad,2025-10-19 15:40:57,False,1,False,LEGIT
TXN100063,U5,21939.31,Flipkart,Mumbai,2025-10-19 15:42:57,True,2,False,POTENTIAL_FRAUD
TXN100075,U5,20710.06,Amazon,Kolkata,2025-10-19 15:48:57,True,1,False,POTENTIAL_FRAUD
TXN100079,U5,16589.24,Uber,Chennai,2025-10-19 15:50:57,True,2,False,POTENTIAL_FRAUD
TXN100085,U5,7056.96,Flipkart,Delhi,2025-10-19 15:53:57,False,1,False,LEGIT
TXN100900,U5,724.58,BigBasket,Kolkata,2025-10-19 15:56:27,False,1,False,LEGIT
TXN100901,U5,17057.0,Swiggy,Kolkata,2025-10-19 15:56:47,True,2,False,POTENTIAL_FRAUD
TXN100902,U5,9349.07,Myntra,Delhi,2025-10-19 15:57:07,False,3,True,POTENTIAL_FRAUD
TXN100100,U5,12629.84,Zara,Kolkata,2025-10-19 16:01:27,False,1,False,LEGIT
TXN100105,U5,22910.18,Myntra,Mumbai,2025-10-19 16:03:57,True,1,False,POTENTIAL_FRAUD
TXN100110,U5,14431.84,Swiggy,Delhi,2025-10-19 16:06:27,False,1,False,LEGIT
TXN100133,U5,8618.98,Myntra,Bangalore,2025-10-19 16:17:57,False,1,False,LEGIT
TXN100138,U5,27405.97,Flipkart,Hyderabad,2025-10-19 16:20:27,True,1,False,POTENTIAL_FRAUD
TXN100145,U5,4817.67,Zara,Bangalore,2025-10-19 16:23:57,False,1,False,LEGIT
TXN100152,U5,22947.36,Myntra,Hyderabad,2025-10-19 16:27:27,True,1,False,POTENTIAL_FRAUD
TXN100158,U5,21026.74,Nykaa,Hyderabad,2025-10-19 16:30:27,True,1,False,POTENTIAL_FRAUD
TXN100161,U5,7987.75,Uber,Bangalore,2025-10-19 16:31:57,False,2,False,LEGIT
TXN100163,U5,2139.41,Nykaa,Kolkata,2025-10-19 16:32:57,False,2,False,LEGIT
TXN100168,U5,15816.26,Flipkart,Delhi,2025-10-19 16:35:27,True,1,False,POTENTIAL_FRAUD
TXN100180,U5,27257.21,Uber,Chennai,2025-10-19 16:41:27,True,1,False,POTENTIAL_FRAUD
TXN100181,U5,13723.73,Nykaa,Bangalore,2025-10-19 16:41:57,False,2,False,LEGIT
TXN100187,U5,14118.94,Uber,Bangalore,2025-10-19 16:44:57,False,1,False,LEGIT
TXN100204,U5,11414.36,Uber,Bangalore,2025-10-19 16:53:27,False,1,False,LEGIT
TXN100215,U5,7057.26,Zara,Kolkata,2025-10-19 16:58:57,False,1,False,LEGIT
TXN100223,U5,1898.44,Nykaa,Delhi,2025-10-19 17:02:57,False,1,False,LEGIT
TXN100226,U5,16845.41,Myntra,Chennai,2025-10-19 17:04:27,True,2,False,POTENTIAL_FRAUD
TXN100227,U5,23337.64,Nykaa,Kolkata,2025-10-19 17:04:57,True,3,True,POTENTIAL_FRAUD
TXN100230,U5,16512.86,Amazon,Hyderabad,2025-10-19 17:06:27,True,3,True,POTENTIAL_FRAUD
TXN100239,U5,5543.0,Flipkart,Chennai,2025-10-19 17:10:57,False,1,False,LEGIT
TXN100258,U5,22634.75,Uber,Bangalore,2025-10-19 17:20:27,True,1,False,POTENTIAL_FRAUD
TXN100260,U5,29635.52,Nykaa,Chennai,2025-10-19 17:21:27,True,2,False,POTENTIAL_FRAUD
TXN100264,U5,17678.8,Zara,Bangalore,2025-10-19 17:23:27,True,2,False,POTENTIAL_FRAUD
TXN100276,U5,21061.33,Swiggy,Chennai,2025-10-19 17:29:27,True,1,False,POTENTIAL_FRAUD
TXN100277,U5,22502.94,Swiggy,Kolkata,2025-10-19 17:29:57,True,2,False,POTENTIAL_FRAUD
TXN100310,U5,16106.27,Zara,Kolkata,2025-10-19 17:46:27,True,1,False,POTENTIAL_FRAUD
TXN100320,U5,16681.13,Myntra,Kolkata,2025-10-19 17:51:27,True,1,False,POTENTIAL_FRAUD
TXN100332,U5,25320.33,Amazon,Chennai,2025-10-19 17:57:27,True,1,False,POTENTIAL_FRAUD
TXN100340,U5,29411.27,Zara,Kolkata,2025-10-19 18:01:27,True,1,False,POTENTIAL_FRAUD
TXN100342,U5,145.88,Zara,Delhi,2025-10-19 18:02:27,False,2,False,LEGIT
TXN100349,U5,13031.58,Swiggy,Kolkata,2025-10-19 18:05:57,False,1,False,LEGIT
TXN100351,U5,2578.14,Nykaa,Hyderabad,2025-10-19 18:06:57,False,2,False,LEGIT
TXN100384,U5,11255.56,Nykaa,Delhi,2025-10-19 18:23:27,False,1,False,LEGIT
TXN100385,U5,20850.92,Uber,Kolkata,2025-10-19 18:23:57,True,2,False,POTENTIAL_FRAUD
TXN100390,U5,20839.33,Myntra,Chennai,2025-10-19 18:26:27,True,1,False,POTENTIAL_FRAUD
TXN100392,U5,23738.71,Flipkart,Delhi,2025-10-19 18:27:27,True,2,False,POTENTIAL_FRAUD
TXN100397,U5,24265.11,Uber,Kolkata,2025-10-19 18:29:57,True,1,False,POTENTIAL_FRAUD
TXN100405,U5,23682.79,Zara,Mumbai,2025-10-19 18:33:57,True,1,False,POTENTIAL_FRAUD
TXN100412,U5,22709.97,Zara,Mumbai,2025-10-19 18:37:27,True,1,False,POTENTIAL_FRAUD
TXN100418,U5,24217.88,Uber,Bangalore,2025-10-19 18:40:27,True,1,False,POTENTIAL_FRAUD
TXN100426,U5,21889.67,Amazon,Mumbai,2025-10-19 18:44:27,True,1,False,POTENTIAL_FRAUD
TXN100434,U5,4418.01,Myntra,Delhi,2025-10-19 18:48:27,False,1,False,LEGIT
TXN100438,U5,22420.87,Zara,Chennai,2025-10-19 18:50:27,True,2,False,POTENTIAL_FRAUD
TXN100441,U5,15849.84,BigBasket,Kolkata,2025-10-19 18:51:57,True,2,False,POTENTIAL_FRAUD
TXN100444,U5,26057.11,Nykaa,Chennai,2025-10-19 18:53:27,True,2,False,POTENTIAL_FRAUD
TXN104490,U5,7049.5,Uber,Bangalore,2025-10-19 18:55:57,False,1,False,LEGIT
TXN104491,U5,5040.67,Nykaa,Bangalore,2025-10-19 18:56:17,False,2,False,LEGIT
TXN104492,U5,24005.6,Amazon,Delhi,2025-10-19 18:56:37,True,3,True,POTENTIAL_FRAUD
TXN100451,U5,21364.62,Myntra,Chennai,2025-10-19 18:56:57,True,4,True,POTENTIAL_FRAUD
TXN100453,U5,15474.94,Flipkart,Delhi,2025-10-19 18:57:57,True,5,True,POTENTIAL_FRAUD
TXN100461,U5,1124.5,Uber,Hyderabad,2025-10-19 19:01:57,False,1,False,LEGIT
TXN100462,U5,6563.05,Zara,Bangalore,2025-10-19 19:02:27,False,2,False,LEGIT
TXN100463,U5,27194.67,Zara,Delhi,2025-10-19 19:02:57,True,3,True,POTENTIAL_FRAUD
TXN100468,U5,2449.21,Uber,Hyderabad,2025-10-19 19:05:27,False,1,False,LEGIT
TXN100473,U5,15285.67,Myntra,Hyderabad,2025-10-19 19:07:57,True,1,False,POTENTIAL_FRAUD
TXN100491,U5,25723.55,Zara,Chennai,2025-10-19 19:16:57,True,1,False,POTENTIAL_FRAUD
TXN100493,U5,44.86,Zara,Bangalore,2025-10-19 19:17:57,False,2,False,LEGIT
TXN100507,U5,13953.14,Flipkart,Hyderabad,2025-10-19 19:24:57,False,1,False,LEGIT
TXN100508,U5,5424.13,Amazon,Kolkata,2025-10-19 19:25:27,False,2,False,LEGIT
TXN100514,U5,13814.21,Zara,Hyderabad,2025-10-19 19:28:27,False,1,False,LEGIT
TXN100518,U5,21036.39,Nykaa,Chennai,2025-10-19 19:30:27,True,2,False,POTENTIAL_FRAUD
TXN100530,U5,24105.47,Amazon,Delhi,2025-10-19 19:36:27,True,1,False,POTENTIAL_FRAUD
TXN100542,U5,2932.87,Swiggy,Bangalore,2025-10-19 19:42:27,False,1,False,LEGIT
TXN100554,U5,29892.5,Nykaa,Bangalore,2025-10-19 19:48:27,True,1,False,POTENTIAL_FRAUD
TXN100583,U5,16598.94,Uber,Kolkata,2025-10-19 20:02:57,True,1,False,POTENTIAL_FRAUD
TXN100587,U5,27351.54,Amazon,Bangalore,2025-10-19 20:04:57,True,2,False,POTENTIAL_FRAUD
TXN100023,U6,29248.14,Flipkart,Hyderabad,2025-10-19 15:22:57,True,1,False,POTENTIAL_FRAUD
TXN100027,U6,15446.43,Uber,Kolkata,2025-10-19 15:24:57,True,2,False,POTENTIAL_FRAUD
TXN100031,U6,16640.5,Uber,Bangalore,2025-10-19 15:26:57,True,2,False,POTENTIAL_FRAUD
TXN100410,U6,11423.75,BigBasket,Kolkata,2025-10-19 15:31:57,False,1,False,LEGIT
TXN100411,U6,3232.9,Myntra,Mumbai,2025-10-19 15:32:17,False,2,False,LEGIT
TXN100042,U6,20717.14,Zara,Kolkata,2025-10-19 15:32:27,True,3,True,POTENTIAL_FRAUD
TXN100412,U6,19408.61,Zara,Chennai,2025-10-19 15:32:37,True,4,True,POTENTIAL_FRAUD
TXN100045,U6,6633.5,Amazon,Chennai,2025-10-19 15:33:57,False,5,True,POTENTIAL_FRAUD
TXN100055,U6,4045.47,Swiggy,Mumbai,2025-10-19 15:38:57,False,1,False,LEGIT
TXN100060,U6,788.73,Myntra,Mumbai,2025-10-19 15:41:27,False,1,False,LEGIT
TXN100065,U6,6409.07,Amazon,Delhi,2025-10-19 15:43:57,False,1,False,LEGIT
TXN100074,U6,3916.23,BigBasket,Delhi,2025-10-19 15:48:27,False,1,False,LEGIT
TXN100077,U6,3147.5,Swiggy,Chennai,2025-10-19 15:49:57,False,2,False,LEGIT
TXN100081,U6,4100.12,Flipkart,Kolkata,2025-10-19 15:51:57,False,2,False,LEGIT
TXN100083,U6,12328.32,Zara,Bangalore,2025-10-19 15:52:57,False,2,False,LEGIT
TXN100095,U6,24929.7,Swiggy,Delhi,2025-10-19 15:58:57,True,1,False,POTENTIAL_FRAUD
TXN100104,U6,22589.85,Myntra,Hyderabad,2025-10-19 16:03:27,True,1,False,POTENTIAL_FRAUD
TXN101170,U6,12887.1,BigBasket,Hyderabad,2025-10-19 16:09:57,False,1,False,LEGIT
TXN101171,U6,2656.62,Myntra,Chennai,2025-10-19 16:10:17,False,2,False,LEGIT
TXN100118,U6,23351.56,Nykaa,Hyderabad,2025-10-19 16:10:27,True,3,True,POTENTIAL_FRAUD
TXN101172,U6,13920.64,Flipkart,Delhi,2025-10-19 16:10:37,False,4,True,POTENTIAL_FRAUD
TXN100119,U6,989.51,Uber,Hyderabad,2025-10-19 16:10:57,False,5,True,POTENTIAL_FRAUD
TXN100122,U6,20227.51,Myntra,Mumbai,2025-10-19 16:12:27,True,4,True,POTENTIAL_FRAUD
TXN100131,U6,1902.59,Uber,Delhi,2025-10-19 16:16:57,False,1,False,LEGIT
TXN100149,U6,5250.85,Nykaa,Chennai,2025-10-19 16:25:57,False,1,False,LEGIT
TXN100167,U6,3741.41,Myntra,Hyderabad,2025-10-19 16:34:57,False,1,False,LEGIT
TXN100169,U6,13511.79,BigBasket,Mumbai,2025-10-19 16:35:57,False,2,False,LEGIT
TXN100175,U6,122.2,Nykaa,Kolkata,2025-10-19 16:38:57,False,1,False,LEGIT
TXN100194,U6,14446.24,Zara,Hyderabad,2025-10-19 16:48:27,False,1,False,LEGIT
TXN100212,U6,19834.99,Flipkart,Mumbai,2025-10-19 16:57:27,True,1,False,POTENTIAL_FRAUD
TXN100216,U6,3474.04,Zara,Delhi,2025-10-19 16:59:27,False,2,False,LEGIT
TXN100240,U6,12546.19,Nykaa,Mumbai,2025-10-19 17:11:27,False,1,False,LEGIT
TXN100274,U6,25949.31,Myntra,Bangalore,2025-10-19 17:28:27,True,1,False,POTENTIAL_FRAUD
TXN100279,U6,14664.11,Amazon,Bangalore,2025-10-19 17:30:57,False,1,False,LEGIT
TXN100282,U6,20213.85,Myntra,Hyderabad,2025-10-19 17:32:27,True,2,False,POTENTIAL_FRAUD
TXN100309,U6,5765.82,BigBasket,Chennai,2025-10-19 17:45:57,False,1,False,LEGIT
TXN100315,U6,16816.53,Myntra,Kolkata,2025-10-19 17:48:57,True,1,False,POTENTIAL_FRAUD
TXN100316,U6,13981.91,Flipkart,Delhi,2025-10-19 17:49:27,False,2,False,LEGIT
TXN100319,U6,29444.33,BigBasket,Chennai,2025-10-19 17:50:57,True,3,True,POTENTIAL_FRAUD
TXN100321,U6,21570.56,Swiggy,Delhi,2025-10-19 17:51:57,True,2,False,POTENTIAL_FRAUD
TXN100322,U6,5252.1,Nykaa,Delhi,2025-10-19 17:52:27,False,3,True,POTENTIAL_FRAUD
TXN100327,U6,28979.87,Flipkart,Hyderabad,2025-10-19 17:54:57,True,1,False,POTENTIAL_FRAUD
TXN100336,U6,11188.56,Zara,Bangalore,2025-10-19 17:59:27,False,1,False,LEGIT
TXN100337,U6,15672.15,BigBasket,Mumbai,2025-10-19 17:59:57,True,2,False,POTENTIAL_FRAUD
TXN100339,U6,23342.63,Nykaa,Hyderabad,2025-10-19 18:00:57,True,3,True,POTENTIAL_FRAUD
TXN100343,U6,12276.74,Amazon,Delhi,2025-10-19 18:02:57,False,2,False,LEGIT
TXN100346,U6,26195.54,Nykaa,Bangalore,2025-10-19 18:04:27,True,2,False,POTENTIAL_FRAUD
TXN100347,U6,3332.99,Nykaa,Bangalore,2025-10-19 18:04:57,False,3,True,POTENTIAL_FRAUD
TXN100365,U6,22486.65,Zara,Delhi,2025-10-19 18:13:57,True,1,False,POTENTIAL_FRAUD
TXN100372,U6,10196.63,Swiggy,Chennai,2025-10-19 18:17:27,False,1,False,LEGIT
TXN100378,U6,8361.17,Nykaa,Kolkata,2025-10-19 18:20:27,False,1,False,LEGIT
TXN100383,U6,9709.78,Amazon,Chennai,2025-10-19 18:22:57,False,1,False,LEGIT
TXN100393,U6,2039.25,Nykaa,Kolkata,2025-10-19 18:27:57,False,1,False,LEGIT
TXN100401,U6,21530.09,Amazon,Chennai,2025-10-19 18:31:57,True,1,False,POTENTIAL_FRAUD
TXN100445,U6,9599.97,BigBasket,Mumbai,2025-10-19 18:53:57,False,1,False,LEGIT
TXN100447,U6,27513.77,BigBasket,Chennai,2025-10-19 18:54:57,True,2,False,POTENTIAL_FRAUD
TXN100448,U6,10927.16,BigBasket,Hyderabad,2025-10-19 18:55:27,False,3,True,POTENTIAL_FRAUD
TXN100454,U6,28611.6,Amazon,Bangalore,2025-10-19 18:58:27,True,1,False,POTENTIAL_FRAUD
TXN104550,U6,2101.68,Uber,Delhi,2025-10-19 18:58:57,False,2,False,LEGIT
TXN104551,U6,27893.8,BigBasket,Kolkata,2025-10-19 18:59:17,True,3,True,POTENTIAL_FRAUD
TXN104552,U6,3117.75,Nykaa,Kolkata,2025-10-19 18:59:37,False,4,True,POTENTIAL_FRAUD
TXN100475,U6,1348.71,Amazon,Chennai,2025-10-19 19:08:57,False,1,False,LEGIT
TXN100494,U6,25214.25,Amazon,Kolkata,2025-10-19 19:18:27,True,1,False,POTENTIAL_FRAUD
TXN100533,U6,11353.87,Swiggy,Kolkata,2025-10-19 19:37:57,False,1,False,LEGIT
TXN100548,U6,18396.94,Flipkart,Chennai,2025-10-19 19:45:27,True,1,False,POTENTIAL_FRAUD
TXN100556,U6,25673.86,BigBasket,Mumbai,2025-10-19 19:49:27,True,1,False,POTENTIAL_FRAUD
TXN100558,U6,11465.53,Nykaa,Hyderabad,2025-10-19 19:50:27,False,2,False,LEGIT
TXN100569,U6,18283.99,Myntra,Chennai,2025-10-19 19:55:57,True,1,False,POTENTIAL_FRAUD
TXN100579,U6,13405.42,Amazon,Kolkata,2025-10-19 20:00:57,False,1,False,LEGIT
TXN100582,U6,25423.11,Zara,Mumbai,2025-10-19 20:02:27,True,2,False,POTENTIAL_FRAUD
TXN100594,U6,15985.62,Uber,Kolkata,2025-10-19 20:08:27,True,1,False,POTENTIAL_FRAUD
TXN100008,U7,19388.18,BigBasket,Hyderabad,2025-10-19 15:15:27,True,1,False,POTENTIAL_FRAUD
TXN100014,U7,21712.66,Amazon,Hyderabad,2025-10-19 15:18:27,True,1,False,POTENTIAL_FRAUD
TXN100180,U7,18531.36,Myntra,Hyderabad,2025-10-19 15:20:27,True,2,False,POTENTIAL_FRAUD
TXN100181,U7,2672.78,BigBasket,Delhi,2025-10-19 15:20:47,False,2,False,LEGIT
TXN100190,U7,9680.51,Nykaa,Delhi,2025-10-19 15:20:57,False,3,True,POTENTIAL_FRAUD
TXN100182,U7,23874.08,BigBasket,Delhi,2025-10-19 15:21:07,True,4,True,POTENTIAL_FRAUD
TXN100191,U7,22526.94,Myntra,Chennai,2025-10-19 15:21:17,True,5,True,POTENTIAL_FRAUD
TXN100192,U7,10457.53,Uber,Chennai,2025-10-19 15:21:37,False,6,True,POTENTIAL_FRAUD
TXN100022,U7,4392.72,Zara,Chennai,2025-10-19 15:22:27,False,7,True,POTENTIAL_FRAUD
TXN100300,U7,15021.42,Swiggy,Bangalore,2025-10-19 15:26:27,True,1,False,POTENTIAL_FRAUD
TXN100301,U7,5992.99,Amazon,Mumbai,2025-10-19 15:26:47,False,2,False,LEGIT
TXN100302,U7,8054.81,Swiggy,Delhi,2025-10-19 15:27:07,False,3,True,POTENTIAL_FRAUD
TXN100034,U7,25211.8,Uber,Bangalore,2025-10-19 15:28:27,True,4,True,POTENTIAL_FRAUD
TXN100037,U7,6505.66,Nykaa,Kolkata,2025-10-19 15:29:57,False,2,False,LEGIT
TXN100039,U7,24882.44,Uber,Bangalore,2025-10-19 15:30:57,True,2,False,POTENTIAL_FRAUD
TXN100040,U7,27651.27,Flipkart,Kolkata,2025-10-19 15:31:27,True,3,True,POTENTIAL_FRAUD
TXN100047,U7,26632.89,Zara,Kolkata,2025-10-19 15:34:57,True,1,False,POTENTIAL_FRAUD
TXN100700,U7,4559.41,Nykaa,Hyderabad,2025-10-19 15:46:27,False,1,False,LEGIT
TXN100701,U7,2717.72,Amazon,Kolkata,2025-10-19 15:46:47,False,2,False,LEGIT
TXN100702,U7,13189.84,Swiggy,Mumbai,2025-10-19 15:47:07,False,3,True,POTENTIAL_FRAUD
TXN100098,U7,5481.39,BigBasket,Chennai,2025-10-19 16:00:27,False,1,False,LEGIT
TXN100101,U7,16009.97,Flipkart,Delhi,2025-10-19 16:01:57,True,2,False,POTENTIAL_FRAUD
TXN100113,U7,5373.05,Swiggy,Bangalore,2025-10-19 16:07:57,False,1,False,LEGIT
TXN100129,U7,21441.8,BigBasket,Delhi,2025-10-19 16:15:57,True,1,False,POTENTIAL_FRAUD
TXN100139,U7,29498.51,Myntra,Chennai,2025-10-19 16:20:57,True,1,False,POTENTIAL_FRAUD
TXN100153,U7,18468.36,Zara,Chennai,2025-10-19 16:27:57,True,1,False,POTENTIAL_FRAUD
TXN100154,U7,4800.14,Uber,Mumbai,2025-10-19 16:28:27,False,2,False,LEGIT
TXN100159,U7,19134.85,Swiggy,Bangalore,2025-10-19 16:30:57,True,1,False,POTENTIAL_FRAUD
TXN100160,U7,29854.03,Flipkart,Kolkata,2025-10-19 16:31:27,True,2,False,POTENTIAL_FRAUD
TXN100172,U7,4837.97,Myntra,Chennai,2025-10-19 16:37:27,False,1,False,LEGIT
TXN100173,U7,179.73,Swiggy,Chennai,2025-10-19 16:37:57,False,2,False,LEGIT
TXN100185,U7,19469.4,Swiggy,Mumbai,2025-10-19 16:43:57,True,1,False,POTENTIAL_FRAUD
TXN100188,U7,7425.44,Flipkart,Kolkata,2025-10-19 16:45:27,False,2,False,LEGIT
TXN100191,U7,23208.96,Myntra,Hyderabad,2025-10-19 16:46:57,True,2,False,POTENTIAL_FRAUD
TXN100193,U7,17652.98,Zara,Mumbai,2025-10-19 16:47:57,True,2,False,POTENTIAL_FRAUD
TXN100197,U7,20001.29,BigBasket,Hyderabad,2025-10-19 16:49:57,True,2,False,POTENTIAL_FRAUD
TXN100200,U7,17472.21,BigBasket,Chennai,2025-10-19 16:51:27,True,2,False,POTENTIAL_FRAUD
TXN100205,U7,6771.45,Amazon,Mumbai,2025-10-19 16:53:57,False,1,False,LEGIT
TXN100206,U7,23322.1,Flipkart,Delhi,2025-10-19 16:54:27,True,2,False,POTENTIAL_FRAUD
TXN100218,U7,25532.2,Nykaa,Bangalore,2025-10-19 17:00:27,True,1,False,POTENTIAL_FRAUD
TXN100229,U7,11684.29,Myntra,Bangalore,2025-10-19 17:05:57,False,1,False,LEGIT
TXN100236,U7,23170.87,Amazon,Kolkata,2025-10-19 17:09:27,True,1,False,POTENTIAL_FRAUD
TXN100242,U7,8892.54,Zara,Delhi,2025-10-19 17:12:27,False,1,False,LEGIT
TXN100248,U7,2828.7,Zara,Mumbai,2025-10-19 17:15:27,False,1,False,LEGIT
TXN100249,U7,10300.16,Amazon,Bangalore,2025-10-19 17:15:57,False,2,False,LEGIT
TXN100256,U7,19616.74,Swiggy,Delhi,2025-10-19 17:19:27,True,1,False,POTENTIAL_FRAUD
TXN100270,U7,5419.67,Swiggy,Mumbai,2025-10-19 17:26:27,False,1,False,LEGIT
TXN100272,U7,1580.41,Myntra,Kolkata,2025-10-19 17:27:27,False,2,False,LEGIT
TXN100292,U7,1576.98,Flipkart,Hyderabad,2025-10-19 17:37:27,False,1,False,LEGIT
TXN100303,U7,9454.59,Swiggy,Delhi,2025-10-19 17:42:57,False,1,False,LEGIT
TXN100314,U7,1630.73,Swiggy,Mumbai,2025-10-19 17:48:27,False,1,False,LEGIT
TXN100317,U7,6034.93,Zara,Chennai,2025-10-19 17:49:57,False,2,False,LEGIT
TXN100328,U7,11005.38,Amazon,Delhi,2025-10-19 17:55:27,False,1,False,LEGIT
TXN100331,U7,9488.19,Swiggy,Chennai,2025-10-19 17:56:57,False,2,False,LEGIT
TXN100335,U7,19743.82,Nykaa,Bangalore,2025-10-19 17:58:57,True,2,False,POTENTIAL_FRAUD
TXN100344,U7,15842.7,Zara,Mumbai,2025-10-19 18:03:27,True,1,False,POTENTIAL_FRAUD
TXN100353,U7,2935.88,Swiggy,Chennai,2025-10-19 18:07:57,False,1,False,LEGIT
TXN100354,U7,5717.41,Zara,Kolkata,2025-10-19 18:08:27,False,2,False,LEGIT
TXN100355,U7,6078.06,Nykaa,Chennai,2025-10-19 18:08:57,False,3,True,POTENTIAL_FRAUD
TXN100368,U7,5980.7,Flipkart,Kolkata,2025-10-19 18:15:27,False,1,False,LEGIT
TXN100371,U7,26390.85,BigBasket,Kolkata,2025-10-19 18:16:57,True,2,False,POTENTIAL_FRAUD
TXN100375,U7,15294.31,Uber,Mumbai,2025-10-19 18:18:57,True,2,False,POTENTIAL_FRAUD
TXN100389,U7,884.66,Nykaa,Delhi,2025-10-19 18:25:57,False,1,False,LEGIT
TXN100395,U7,25008.05,BigBasket,Kolkata,2025-10-19 18:28:57,True,1,False,POTENTIAL_FRAUD
TXN100400,U7,16616.45,Amazon,Hyderabad,2025-10-19 18:31:27,True,1,False,POTENTIAL_FRAUD
TXN100403,U7,16634.23,Flipkart,Kolkata,2025-10-19 18:32:57,True,2,False,POTENTIAL_FRAUD
TXN100425,U7,6708.07,Swiggy,Chennai,2025-10-19 18:43:57,False,1,False,LEGIT
TXN100432,U7,28286.82,Myntra,Hyderabad,2025-10-19 18:47:27,True,1,False,POTENTIAL_FRAUD
TXN100442,U7,22806.91,BigBasket,Mumbai,2025-10-19 18:52:27,True,1,False,POTENTIAL_FRAUD
TXN100467,U7,601.29,Flipkart,Hyderabad,2025-10-19 19:04:57,False,1,False,LEGIT
TXN100469,U7,18586.55,Amazon,Delhi,2025-10-19 19:05:57,True,2,False,POTENTIAL_FRAUD
TXN104790,U7,7199.92,BigBasket,Hyderabad,2025-10-19 19:10:57,False,1,False,LEGIT
TXN104791,U7,7954.7,Nykaa,Hyderabad,2025-10-19 19:11:17,False,2,False,LEGIT
TXN100480,U7,12643.03,BigBasket,Chennai,2025-10-19 19:11:27,False,3,True,POTENTIAL_FRAUD
TXN104792,U7,27696.5,Swiggy,Bangalore,2025-10-19 19:11:37,True,4,True,POTENTIAL_FRAUD
TXN100495,U7,13959.47,Zara,Chennai,2025-10-19 19:18:57,False,1,False,LEGIT
TXN100502,U7,1770.2,Nykaa,Delhi,2025-10-19 19:22:27,False,1,False,LEGIT
TXN100506,U7,20102.57,Uber,Bangalore,2025-10-19 19:24:27,True,2,False,POTENTIAL_FRAUD
TXN100509,U7,20365.34,Myntra,Bangalore,2025-10-19 19:25:57,True,2,False,POTENTIAL_FRAUD
TXN100511,U7,19479.6,BigBasket,Mumbai,2025-10-19 19:26:57,True,2,False,POTENTIAL_FRAUD
TXN100523,U7,13923.74,Flipkart,Mumbai,2025-10-19 19:32:57,False,1,False,LEGIT
TXN100547,U7,19498.15,Zara,Hyderabad,2025-10-19 19:44:57,True,1,False,POTENTIAL_FRAUD
TXN100565,U7,9833.3,Amazon,Chennai,2025-10-19 19:53:57,False,1,False,LEGIT
TXN100575,U7,13424.39,Nykaa,Chennai,2025-10-19 19:58:57,False,1,False,LEGIT
TXN100578,U7,8607.51,Nykaa,Delhi,2025-10-19 20:00:27,False,2,False,LEGIT
TXN100580,U7,19699.83,BigBasket,Delhi,2025-10-19 20:01:27,True,2,False,POTENTIAL_FRAUD
TXN100588,U7,26575.56,Flipkart,Delhi,2025-10-19 20:05:27,True,1,False,POTENTIAL_FRAUD
TXN100596,U7,6405.35,Swiggy,Chennai,2025-10-19 20:09:27,False,1,False,LEGIT
TXN100006,U8,25136.75,Zara,Kolkata,2025-10-19 15:14:27,True,1,False,POTENTIAL_FRAUD
TXN100007,U8,18270.99,Myntra,Delhi,2025-10-19 15:14:57,True,2,False,POTENTIAL_FRAUD
TXN100009,U8,12590.69,Amazon,Hyderabad,2025-10-19 15:15:57,False,3,True,POTENTIAL_FRAUD
TXN100012,U8,23364.37,Amazon,Mumbai,2025-10-19 15:17:27,True,2,False,POTENTIAL_FRAUD
TXN100016,U8,4621.31,Nykaa,Chennai,2025-10-19 15:19:27,False,2,False,LEGIT
TXN100170,U8,4050.48,Swiggy,Delhi,2025-10-19 15:19:57,False,2,False,LEGIT
TXN100171,U8,7698.31,Myntra,Hyderabad,2025-10-19 15:20:17,False,3,True,POTENTIAL_FRAUD
TXN100172,U8,8165.18,BigBasket,Hyderabad,2025-10-19 15:20:37,False,4,True,POTENTIAL_FRAUD
TXN100026,U8,23735.36,Amazon,Mumbai,2025-10-19 15:24:27,True,1,False,POTENTIAL_FRAUD
TXN100051,U8,14027.07,Zara,Bangalore,2025-10-19 15:36:57,False,1,False,LEGIT
TXN100061,U8,6669.27,BigBasket,Chennai,2025-10-19 15:41:57,False,1,False,LEGIT
TXN100960,U8,16052.65,Zara,Hyderabad,2025-10-19 15:59:27,True,1,False,POTENTIAL_FRAUD
TXN100961,U8,946.75,Amazon,Mumbai,2025-10-19 15:59:47,False,2,False,LEGIT
TXN100962,U8,25660.78,Flipkart,Hyderabad,2025-10-19 16:00:07,True,3,True,POTENTIAL_FRAUD
TXN100109,U8,28133.93,BigBasket,Hyderabad,2025-10-19 16:05:57,True,1,False,POTENTIAL_FRAUD
TXN100120,U8,20318.35,Nykaa,Chennai,2025-10-19 16:11:27,True,1,False,POTENTIAL_FRAUD
TXN100124,U8,11996.7,Nykaa,Delhi,2025-10-19 16:13:27,False,2,False,LEGIT
TXN100126,U8,2206.62,BigBasket,Delhi,2025-10-19 16:14:27,False,2,False,LEGIT
TXN100134,U8,16036.45,Amazon,Bangalore,2025-10-19 16:18:27,True,1,False,POTENTIAL_FRAUD
TXN100135,U8,6247.61,Swiggy,Hyderabad,2025-10-19 16:18:57,False,2,False,LEGIT
TXN100136,U8,25465.9,Uber,Mumbai,2025-10-19 16:19:27,True,3,True,POTENTIAL_FRAUD
TXN100137,U8,9931.26,Nykaa,Chennai,2025-10-19 16:19:57,False,4,True,POTENTIAL_FRAUD
TXN100141,U8,8188.59,Swiggy,Kolkata,2025-10-19 16:21:57,False,2,False,LEGIT
TXN101480,U8,4762.27,Myntra,Bangalore,2025-10-19 16:25:27,False,1,False,LEGIT
TXN101481,U8,19977.64,Uber,Kolkata,2025-10-19 16:25:47,True,2,False,POTENTIAL_FRAUD
TXN101482,U8,1195.0,Swiggy,Delhi,2025-10-19 16:26:07,False,3,True,POTENTIAL_FRAUD
TXN100166,U8,3499.51,Nykaa,Chennai,2025-10-19 16:34:27,False,1,False,LEGIT
TXN100171,U8,24481.95,Swiggy,Hyderabad,2025-10-19 16:36:57,True,1,False,POTENTIAL_FRAUD
TXN100176,U8,1634.16,Amazon,Kolkata,2025-10-19 16:39:27,False,1,False,LEGIT
TXN101790,U8,16902.91,Zara,Hyderabad,2025-10-19 16:40:57,True,2,False,POTENTIAL_FRAUD
TXN101791,U8,19820.84,Uber,Delhi,2025-10-19 16:41:17,True,3,True,POTENTIAL_FRAUD
TXN101792,U8,6973.3,Nykaa,Hyderabad,2025-10-19 16:41:37,False,3,True,POTENTIAL_FRAUD
TXN100184,U8,14901.43,Swiggy,Kolkata,2025-10-19 16:43:27,False,2,False,LEGIT
TXN100195,U8,17535.95,Uber,Chennai,2025-10-19 16:48:57,True,1,False,POTENTIAL_FRAUD
TXN100196,U8,19377.34,Uber,Hyderabad,2025-10-19 16:49:27,True,2,False,POTENTIAL_FRAUD
TXN100198,U8,6283.62,Amazon,Mumbai,2025-10-19 16:50:27,False,3,True,POTENTIAL_FRAUD
TXN102070,U8,28031.8,Amazon,Chennai,2025-10-19 16:54:57,True,1,False,POTENTIAL_FRAUD
TXN102071,U8,1889.91,Flipkart,Mumbai,2025-10-19 16:55:17,False,2,False,LEGIT
TXN102072,U8,10080.98,Swiggy,Kolkata,2025-10-19 16:55:37,False,3,True,POTENTIAL_FRAUD
TXN100213,U8,6937.07,Uber,Mumbai,2025-10-19 16:57:57,False,1,False,LEGIT
TXN100225,U8,3798.49,Uber,Bangalore,2025-10-19 17:03:57,False,1,False,LEGIT
TXN100252,U8,25114.32,Flipkart,Mumbai,2025-10-19 17:17:27,True,1,False,POTENTIAL_FRAUD
TXN100253,U8,26404.79,Swiggy,Kolkata,2025-10-19 17:17:57,True,2,False,POTENTIAL_FRAUD
TXN100255,U8,6205.74,BigBasket,Delhi,2025-10-19 17:18:57,False,3,True,POTENTIAL_FRAUD
TXN100271,U8,7384.54,Uber,Kolkata,2025-10-19 17:26:57,False,1,False,LEGIT
TXN100278,U8,10440.49,BigBasket,Hyderabad,2025-10-19 17:30:27,False,1,False,LEGIT
TXN100285,U8,5231.44,Swiggy,Delhi,2025-10-19 17:33:57,False,1,False,LEGIT
TXN100294,U8,29498.95,Uber,Chennai,2025-10-19 17:38:27,True,1,False,POTENTIAL_FRAUD
TXN100295,U8,7042.68,BigBasket,Kolkata,2025-10-19 17:38:57,False,2,False,LEGIT
TXN100299,U8,27895.45,Myntra,Delhi,2025-10-19 17:40:57,True,2,False,POTENTIAL_FRAUD
TXN100301,U8,9261.97,Myntra,Bangalore,2025-10-19 17:41:57,False,2,False,LEGIT
TXN100302,U8,17347.51,Myntra,Hyderabad,2025-10-19 17:42:27,True,3,True,POTENTIAL_FRAUD
TXN100330,U8,26657.64,Myntra,Hyderabad,2025-10-19 17:56:27,True,1,False,POTENTIAL_FRAUD
TXN100334,U8,13685.58,Uber,Chennai,2025-10-19 17:58:27,False,2,False,LEGIT
TXN100356,U8,12806.16,Myntra,Chennai,2025-10-19 18:09:27,False,1,False,LEGIT
TXN100357,U8,11804.58,Zara,Mumbai,2025-10-19 18:09:57,False,2,False,LEGIT
TXN100359,U8,187.73,Zara,Chennai,2025-10-19 18:10:57,False,3,True,POTENTIAL_FRAUD
TXN100379,U8,22547.03,Flipkart,Kolkata,2025-10-19 18:20:57,True,1,False,POTENTIAL_FRAUD
TXN103820,U8,24165.92,Nykaa,Hyderabad,2025-10-19 18:22:27,True,2,False,POTENTIAL_FRAUD
TXN103821,U8,19041.52,Uber,Hyderabad,2025-10-19 18:22:47,True,3,True,POTENTIAL_FRAUD
TXN103822,U8,21691.03,Amazon,Hyderabad,2025-10-19 18:23:07,True,3,True,POTENTIAL_FRAUD
TXN100404,U8,24553.9,Zara,Kolkata,2025-10-19 18:33:27,True,1,False,POTENTIAL_FRAUD
TXN100408,U8,4748.56,Uber,Mumbai,2025-10-19 18:35:27,False,2,False,LEGIT
TXN100428,U8,4987.71,Flipkart,Chennai,2025-10-19 18:45:27,False,1,False,LEGIT
TXN104360,U8,1016.31,Amazon,Hyderabad,2025-10-19 18:49:27,False,1,False,LEGIT
TXN104361,U8,3275.96,BigBasket,Bangalore,2025-10-19 18:49:47,False,2,False,LEGIT
TXN104362,U8,29584.17,Flipkart,Bangalore,2025-10-19 18:50:07,True,3,True,POTENTIAL_FRAUD
TXN104560,U8,13814.98,Nykaa,Bangalore,2025-10-19 18:59:27,False,1,False,LEGIT
TXN104561,U8,20288.55,Amazon,Hyderabad,2025-10-19 18:59:47,True,2,False,POTENTIAL_FRAUD
TXN104562,U8,21843.98,Uber,Hyderabad,2025-10-19 19:00:07,True,3,True,POTENTIAL_FRAUD
TXN100458,U8,12862.35,Swiggy,Chennai,2025-10-19 19:00:27,False,4,True,POTENTIAL_FRAUD
TXN100470,U8,8035.11,Nykaa,Delhi,2025-10-19 19:06:27,False,1,False,LEGIT
TXN100471,U8,19618.07,BigBasket,Chennai,2025-10-19 19:06:57,True,2,False,POTENTIAL_FRAUD
TXN100478,U8,22281.2,Amazon,Delhi,2025-10-19 19:10:27,True,1,False,POTENTIAL_FRAUD
TXN104810,U8,11660.16,Amazon,Kolkata,2025-10-19 19:11:57,False,2,False,LEGIT
TXN104811,U8,13627.19,Flipkart,Bangalore,2025-10-19 19:12:17,False,3,True,POTENTIAL_FRAUD
TXN104812,U8,7706.16,Zara,Bangalore,2025-10-19 19:12:37,False,3,True,POTENTIAL_FRAUD
TXN100490,U8,4488.93,Amazon,Chennai,2025-10-19 19:16:27,False,1,False,LEGIT
TXN104920,U8,29220.44,Amazon,Mumbai,2025-10-19 19:17:27,True,2,False,POTENTIAL_FRAUD
TXN104921,U8,16313.18,Swiggy,Kolkata,2025-10-19 19:17:47,True,3,True,POTENTIAL_FRAUD
TXN104922,U8,26695.83,Myntra,Chennai,2025-10-19 19:18:07,True,4,True,POTENTIAL_FRAUD
TXN100501,U8,26963.34,Nykaa,Delhi,2025-10-19 19:21:57,True,1,False,POTENTIAL_FRAUD
TXN100503,U8,8873.91,Zara,Kolkata,2025-10-19 19:22:57,False,2,False,LEGIT
TXN100515,U8,27173.59,Amazon,Bangalore,2025-10-19 19:28:57,True,1,False,POTENTIAL_FRAUD
TXN100520,U8,2236.69,Amazon,Chennai,2025-10-19 19:31:27,False,1,False,LEGIT
TXN100521,U8,5678.81,Flipkart,Mumbai,2025-10-19 19:31:57,False,2,False,LEGIT
TXN105220,U8,10153.65,Myntra,Chennai,2025-10-19 19:32:27,False,3,True,POTENTIAL_FRAUD
TXN105221,U8,16501.19,Zara,Mumbai,2025-10-19 19:32:47,True,4,True,POTENTIAL_FRAUD
TXN105222,U8,21659.8,Zara,Mumbai,2025-10-19 19:33:07,True,5,True,POTENTIAL_FRAUD
TXN100528,U8,29160.1,BigBasket,Delhi,2025-10-19 19:35:27,True,1,False,POTENTIAL_FRAUD
TXN100543,U8,17149.87,Flipkart,Delhi,2025-10-19 19:42:57,True,1,False,POTENTIAL_FRAUD
TXN100549,U8,21245.18,Nykaa,Bangalore,2025-10-19 19:45:57,True,1,False,POTENTIAL_FRAUD
TXN100551,U8,26805.74,Uber,Kolkata,2025-10-19 19:46:57,True,2,False,POTENTIAL_FRAUD
TXN100563,U8,17976.78,Nykaa,Kolkata,2025-10-19 19:52:57,True,1,False,POTENTIAL_FRAUD
TXN100566,U8,15905.02,Nykaa,Chennai,2025-10-19 19:54:27,True,2,False,POTENTIAL_FRAUD
TXN100571,U8,13172.04,Flipkart,Bangalore,2025-10-19 19:56:57,False,1,False,LEGIT
TXN100572,U8,20521.3,Swiggy,Bangalore,2025-10-19 19:57:27,True,2,False,POTENTIAL_FRAUD
TXN100573,U8,23712.54,Amazon,Bangalore,2025-10-19 19:57:57,True,3,True,POTENTIAL_FRAUD
TXN100576,U8,19651.73,Amazon,Kolkata,2025-10-19 19:59:27,True,3,True,POTENTIAL_FRAUD
TXN100590,U8,29391.85,Zara,Bangalore,2025-10-19 20:06:27,True,1,False,POTENTIAL_FRAUD
TXN100598,U8,20070.45,Swiggy,Mumbai,2025-10-19 20:10:27,True,1,False,POTENTIAL_FRAUD
